Date,High,Low,Open,Close,Volume,Adj Close,Name
2020-01-02,45.59000015258789,44.939998626708984,45.5,45.33000183105469,6092400,45.33000183105469,BSX
2020-01-03,45.209999084472656,44.349998474121094,44.52000045776367,44.97999954223633,4704100,44.97999954223633,BSX
2020-01-06,45.56999969482422,44.68000030517578,44.849998474121094,45.349998474121094,5768900,45.349998474121094,BSX
2020-01-07,45.58000183105469,44.970001220703125,45.119998931884766,45.400001525878906,4298400,45.400001525878906,BSX
2020-01-08,46.060001373291016,45.470001220703125,45.599998474121094,45.63999938964844,5071800,45.63999938964844,BSX
2020-01-09,46.130001068115234,45.4900016784668,45.959999084472656,45.709999084472656,7225800,45.709999084472656,BSX
2020-01-10,46.11000061035156,45.54999923706055,45.95000076293945,45.66999816894531,5491700,45.66999816894531,BSX
2020-01-13,45.72999954223633,45.36000061035156,45.650001525878906,45.470001220703125,4877600,45.470001220703125,BSX
2020-01-14,42.81999969482422,41.650001525878906,42.40999984741211,42.65999984741211,27589000,42.65999984741211,BSX
2020-01-15,42.83000183105469,42.34000015258789,42.810001373291016,42.56999969482422,12805500,42.56999969482422,BSX
2020-01-16,43.33000183105469,42.65999984741211,42.709999084472656,43.20000076293945,11654300,43.20000076293945,BSX
2020-01-17,44.310001373291016,43.13999938964844,43.20000076293945,44.279998779296875,15909800,44.279998779296875,BSX
2020-01-21,44.38999938964844,43.7599983215332,44.18000030517578,44.06999969482422,8590000,44.06999969482422,BSX
2020-01-22,44.439998626708984,43.959999084472656,44.40999984741211,44.04999923706055,6515200,44.04999923706055,BSX
2020-01-23,44.029998779296875,43.189998626708984,43.91999816894531,43.56999969482422,6366700,43.56999969482422,BSX
2020-01-24,43.70000076293945,43.040000915527344,43.599998474121094,43.209999084472656,4022300,43.209999084472656,BSX
2020-01-27,43.130001068115234,42.349998474121094,42.5,42.650001525878906,5672400,42.650001525878906,BSX
2020-01-28,43.59000015258789,42.630001068115234,42.75,43.45000076293945,7223100,43.45000076293945,BSX
2020-01-29,44.20000076293945,43.41999816894531,43.630001068115234,43.95000076293945,6629600,43.95000076293945,BSX
2020-01-30,43.77000045776367,43.119998931884766,43.5,43.40999984741211,8792500,43.40999984741211,BSX
2020-01-31,43.29999923706055,41.790000915527344,43.290000915527344,41.869998931884766,12425000,41.869998931884766,BSX
2020-02-03,42.560001373291016,42.099998474121094,42.16999816894531,42.22999954223633,8763400,42.22999954223633,BSX
2020-02-04,43.20000076293945,42.70000076293945,42.83000183105469,42.880001068115234,9126100,42.880001068115234,BSX
2020-02-05,43.33000183105469,42.439998626708984,43.04999923706055,42.619998931884766,13227100,42.619998931884766,BSX
2020-02-06,43.2400016784668,42.2400016784668,42.599998474121094,43.0099983215332,6994200,43.0099983215332,BSX
2020-02-07,42.95000076293945,41.95000076293945,42.75,42.189998626708984,8381700,42.189998626708984,BSX
2020-02-10,42.529998779296875,41.880001068115234,42.02000045776367,42.220001220703125,6151700,42.220001220703125,BSX
2020-02-11,42.66999816894531,42.11000061035156,42.31999969482422,42.56999969482422,4861100,42.56999969482422,BSX
2020-02-12,42.75,42.22999954223633,42.61000061035156,42.22999954223633,8374100,42.22999954223633,BSX
2020-02-13,42.470001220703125,41.810001373291016,42.16999816894531,42.18000030517578,6406700,42.18000030517578,BSX
2020-02-14,42.40999984741211,42.08000183105469,42.27000045776367,42.310001373291016,7289900,42.310001373291016,BSX
2020-02-18,42.369998931884766,41.650001525878906,42.25,42.15999984741211,8024500,42.15999984741211,BSX
2020-02-19,43.439998626708984,42.279998779296875,42.310001373291016,43.02000045776367,7412000,43.02000045776367,BSX
2020-02-20,43.15999984741211,42.029998779296875,43.02000045776367,42.5,6123500,42.5,BSX
2020-02-21,42.849998474121094,42.040000915527344,42.2599983215332,42.619998931884766,7282400,42.619998931884766,BSX
2020-02-24,41.900001525878906,40.91999816894531,41.47999954223633,41.08000183105469,6536700,41.08000183105469,BSX
2020-02-25,41.31999969482422,39.709999084472656,41.150001525878906,39.90999984741211,8745400,39.90999984741211,BSX
2020-02-26,40.599998474121094,39.369998931884766,40.369998931884766,39.38999938964844,10062300,39.38999938964844,BSX
2020-02-27,39.58000183105469,37.88999938964844,38.619998931884766,37.91999816894531,15338000,37.91999816894531,BSX
2020-02-28,37.540000915527344,36.2599983215332,37.09000015258789,37.38999938964844,19870200,37.38999938964844,BSX
2020-03-02,38.27000045776367,36.709999084472656,37.599998474121094,38.27000045776367,14333700,38.27000045776367,BSX
2020-03-03,39.36000061035156,36.560001373291016,38.29999923706055,37.22999954223633,13875500,37.22999954223633,BSX
2020-03-04,38.779998779296875,37.22999954223633,38.04999923706055,38.75,10112500,38.75,BSX
2020-03-05,37.9900016784668,36.349998474121094,37.9900016784668,37.459999084472656,20434800,37.459999084472656,BSX
2020-03-06,37.70000076293945,35.880001068115234,36.13999938964844,37.599998474121094,17949100,37.599998474121094,BSX
2020-03-09,35.099998474121094,33.66999816894531,34.91999816894531,34.09000015258789,15378700,34.09000015258789,BSX
2020-03-10,35.91999816894531,33.72999954223633,35.91999816894531,35.18000030517578,13372200,35.18000030517578,BSX
2020-03-11,34.790000915527344,33.470001220703125,34.16999816894531,33.86000061035156,20113200,33.86000061035156,BSX
2020-03-12,33.529998779296875,30.56999969482422,31.6299991607666,31.0,23545300,31.0,BSX
2020-03-13,32.709999084472656,29.350000381469727,32.540000915527344,32.33000183105469,17420900,32.33000183105469,BSX
2020-03-16,29.229999542236328,27.15999984741211,28.719999313354492,27.549999237060547,17232100,27.549999237060547,BSX
2020-03-17,29.040000915527344,26.34000015258789,28.100000381469727,28.790000915527344,18097200,28.790000915527344,BSX
2020-03-18,27.700000762939453,25.40999984741211,26.979999542236328,27.239999771118164,18167500,27.239999771118164,BSX
2020-03-19,28.8700008392334,25.510000228881836,26.739999771118164,28.270000457763672,12088500,28.270000457763672,BSX
2020-03-20,28.780000686645508,27.100000381469727,28.6299991607666,27.239999771118164,11222900,27.239999771118164,BSX
2020-03-23,27.190000534057617,24.100000381469727,26.899999618530273,25.829999923706055,17190500,25.829999923706055,BSX
2020-03-24,28.6299991607666,26.770000457763672,26.809999465942383,28.219999313354492,16752800,28.219999313354492,BSX
2020-03-25,31.239999771118164,27.280000686645508,28.1200008392334,29.920000076293945,19681700,29.920000076293945,BSX
2020-03-26,31.81999969482422,30.059999465942383,30.309999465942383,31.420000076293945,13137400,31.420000076293945,BSX
2020-03-27,31.389999389648438,29.469999313354492,30.31999969482422,30.610000610351562,11232700,30.610000610351562,BSX
2020-03-30,31.850000381469727,29.559999465942383,30.770000457763672,31.639999389648438,12192900,31.639999389648438,BSX
2020-03-31,33.25,31.030000686645508,31.540000915527344,32.630001068115234,14174100,32.630001068115234,BSX
2020-04-01,31.8799991607666,29.93000030517578,31.6200008392334,30.190000534057617,9990600,30.190000534057617,BSX
2020-04-02,31.459999084472656,29.649999618530273,30.010000228881836,31.049999237060547,12401900,31.049999237060547,BSX
2020-04-03,31.520000457763672,30.6299991607666,30.81999969482422,31.170000076293945,10895500,31.170000076293945,BSX
2020-04-06,33.189998626708984,32.4900016784668,32.90999984741211,32.880001068115234,13647100,32.880001068115234,BSX
2020-04-07,35.720001220703125,33.380001068115234,34.33000183105469,33.689998626708984,21342400,33.689998626708984,BSX
2020-04-08,35.70000076293945,33.70000076293945,33.9900016784668,35.130001068115234,13608500,35.130001068115234,BSX
2020-04-09,37.2400016784668,34.9900016784668,35.25,36.83000183105469,19098700,36.83000183105469,BSX
2020-04-13,36.75,34.400001525878906,36.58000183105469,35.209999084472656,11990400,35.209999084472656,BSX
2020-04-14,36.45000076293945,35.43000030517578,35.810001373291016,35.91999816894531,12337200,35.91999816894531,BSX
2020-04-15,35.2400016784668,34.189998626708984,35.189998626708984,34.790000915527344,9994300,34.790000915527344,BSX
2020-04-16,35.58000183105469,34.81999969482422,35.029998779296875,35.45000076293945,8086400,35.45000076293945,BSX
2020-04-17,38.470001220703125,36.650001525878906,36.650001525878906,38.290000915527344,19998000,38.290000915527344,BSX
2020-04-20,38.47999954223633,37.25,37.81999969482422,37.25,10392400,37.25,BSX
2020-04-21,36.630001068115234,35.0,36.189998626708984,35.04999923706055,11514900,35.04999923706055,BSX
2020-04-22,35.88999938964844,34.369998931884766,35.529998779296875,35.4900016784668,10398000,35.4900016784668,BSX
2020-04-23,36.7599983215332,35.810001373291016,35.88999938964844,36.400001525878906,8425200,36.400001525878906,BSX
2020-04-24,37.27000045776367,36.459999084472656,36.779998779296875,36.900001525878906,8100900,36.900001525878906,BSX
2020-04-27,37.439998626708984,36.63999938964844,37.18000030517578,37.0,10040400,37.0,BSX
2020-04-28,37.5,35.849998474121094,37.41999816894531,35.93000030517578,8984200,35.93000030517578,BSX
2020-04-29,37.880001068115234,36.290000915527344,36.79999923706055,37.43000030517578,12659900,37.43000030517578,BSX
2020-04-30,37.77000045776367,36.689998626708984,36.880001068115234,37.47999954223633,11143100,37.47999954223633,BSX
2020-05-01,36.970001220703125,35.7599983215332,36.95000076293945,35.9900016784668,7484800,35.9900016784668,BSX
2020-05-04,36.060001373291016,35.439998626708984,35.709999084472656,35.83000183105469,5631400,35.83000183105469,BSX
2020-05-05,37.369998931884766,36.060001373291016,36.060001373291016,36.810001373291016,7002200,36.810001373291016,BSX
2020-05-06,37.119998931884766,35.869998931884766,37.0,35.88999938964844,6826300,35.88999938964844,BSX
2020-05-07,37.09000015258789,36.380001068115234,36.54999923706055,37.0,8829200,37.0,BSX
2020-05-08,38.36000061035156,37.150001525878906,37.5,38.18000030517578,10191900,38.18000030517578,BSX
2020-05-11,38.33000183105469,37.0099983215332,37.86000061035156,37.779998779296875,7992300,37.779998779296875,BSX
2020-05-12,37.95000076293945,36.970001220703125,37.90999984741211,36.97999954223633,8027300,36.97999954223633,BSX
2020-05-13,36.939998626708984,35.47999954223633,36.849998474121094,35.77000045776367,8053500,35.77000045776367,BSX
2020-05-14,35.83000183105469,34.529998779296875,35.31999969482422,35.5,6564800,35.5,BSX
2020-05-15,35.31999969482422,34.220001220703125,35.279998779296875,34.83000183105469,10291500,34.83000183105469,BSX
2020-05-18,36.869998931884766,35.7599983215332,35.7599983215332,36.41999816894531,13687100,36.41999816894531,BSX
2020-05-19,36.56999969482422,35.400001525878906,36.38999938964844,35.43000030517578,11366700,35.43000030517578,BSX
2020-05-20,37.4900016784668,35.77000045776367,35.91999816894531,37.18000030517578,10708500,37.18000030517578,BSX
2020-05-21,36.130001068115234,34.45000076293945,35.52000045776367,34.790000915527344,24248300,34.790000915527344,BSX
2020-05-22,36.31999969482422,35.27000045776367,35.56999969482422,35.90999984741211,28426100,35.90999984741211,BSX
2020-05-26,37.029998779296875,35.86000061035156,37.029998779296875,36.189998626708984,12272300,36.189998626708984,BSX
2020-05-27,37.18000030517578,36.0099983215332,36.36000061035156,37.13999938964844,9472800,37.13999938964844,BSX
2020-05-28,37.9900016784668,37.11000061035156,37.45000076293945,37.470001220703125,8924300,37.470001220703125,BSX
2020-05-29,38.040000915527344,36.70000076293945,37.68000030517578,37.9900016784668,10062600,37.9900016784668,BSX
2020-06-01,38.18000030517578,37.41999816894531,37.709999084472656,37.5,6174600,37.5,BSX
2020-06-02,37.93000030517578,37.459999084472656,37.619998931884766,37.540000915527344,10371200,37.540000915527344,BSX
2020-06-03,38.029998779296875,37.2400016784668,37.75,37.90999984741211,12471900,37.90999984741211,BSX
2020-06-04,37.84000015258789,37.22999954223633,37.84000015258789,37.41999816894531,6797000,37.41999816894531,BSX
2020-06-05,39.33000183105469,38.0,38.150001525878906,38.83000183105469,12623000,38.83000183105469,BSX
2020-06-08,39.29999923706055,38.66999816894531,38.68000030517578,39.11000061035156,8499800,39.11000061035156,BSX
2020-06-09,38.86000061035156,38.130001068115234,38.86000061035156,38.2599983215332,11969600,38.2599983215332,BSX
2020-06-10,38.36000061035156,36.9900016784668,38.36000061035156,37.4900016784668,10655100,37.4900016784668,BSX
2020-06-11,36.70000076293945,34.689998626708984,36.439998626708984,35.04999923706055,16345600,35.04999923706055,BSX
2020-06-12,36.400001525878906,34.65999984741211,35.95000076293945,35.349998474121094,13770400,35.349998474121094,BSX
2020-06-15,36.13999938964844,34.099998474121094,34.70000076293945,35.869998931884766,11279700,35.869998931884766,BSX
2020-06-16,37.439998626708984,36.43000030517578,37.06999969482422,36.70000076293945,11106100,36.70000076293945,BSX
2020-06-17,37.209999084472656,36.439998626708984,36.68000030517578,36.88999938964844,7938700,36.88999938964844,BSX
2020-06-18,36.91999816894531,36.400001525878906,36.650001525878906,36.68000030517578,6465400,36.68000030517578,BSX
2020-06-19,37.349998474121094,36.47999954223633,37.31999969482422,36.59000015258789,20440300,36.59000015258789,BSX
2020-06-22,36.529998779296875,35.59000015258789,36.439998626708984,35.970001220703125,9613300,35.970001220703125,BSX
2020-06-23,36.70000076293945,36.20000076293945,36.310001373291016,36.25,7283200,36.25,BSX
2020-06-24,35.970001220703125,33.31999969482422,35.970001220703125,33.849998474121094,21114700,33.849998474121094,BSX
2020-06-25,33.9900016784668,33.13999938964844,33.720001220703125,33.88999938964844,12503100,33.88999938964844,BSX
2020-06-26,33.90999984741211,33.09000015258789,33.77000045776367,33.279998779296875,35515700,33.279998779296875,BSX
2020-06-29,34.650001525878906,33.0,33.560001373291016,34.650001525878906,13311000,34.650001525878906,BSX
2020-06-30,35.310001373291016,34.22999954223633,34.61000061035156,35.11000061035156,12027300,35.11000061035156,BSX
2020-07-01,35.529998779296875,34.7599983215332,35.16999816894531,35.279998779296875,7642700,35.279998779296875,BSX
2020-07-02,36.04999923706055,35.279998779296875,35.650001525878906,35.380001068115234,4738200,35.380001068115234,BSX
2020-07-06,35.959999084472656,35.34000015258789,35.869998931884766,35.59000015258789,6481400,35.59000015258789,BSX
2020-07-07,35.52000045776367,34.58000183105469,35.22999954223633,34.63999938964844,9826400,34.63999938964844,BSX
2020-07-08,34.72999954223633,34.20000076293945,34.66999816894531,34.54999923706055,13840400,34.54999923706055,BSX
2020-07-09,34.75,33.77000045776367,34.56999969482422,34.5,12329300,34.5,BSX
2020-07-10,34.75,34.279998779296875,34.43000030517578,34.68000030517578,9757300,34.68000030517578,BSX
2020-07-13,35.2400016784668,34.27000045776367,35.09000015258789,34.439998626708984,10120900,34.439998626708984,BSX
2020-07-14,35.27000045776367,34.2400016784668,34.380001068115234,35.220001220703125,10133200,35.220001220703125,BSX
2020-07-15,36.84000015258789,35.86000061035156,35.939998626708984,36.70000076293945,9442600,36.70000076293945,BSX
2020-07-16,37.04999923706055,36.189998626708984,36.869998931884766,36.369998931884766,9383300,36.369998931884766,BSX
2020-07-17,37.91999816894531,36.279998779296875,36.5,37.709999084472656,8714200,37.709999084472656,BSX
2020-07-20,37.900001525878906,36.79999923706055,37.56999969482422,37.16999816894531,8015100,37.16999816894531,BSX
2020-07-21,37.849998474121094,37.16999816894531,37.2599983215332,37.47999954223633,5777300,37.47999954223633,BSX
2020-07-22,38.7599983215332,37.5099983215332,37.56999969482422,38.38999938964844,7846200,38.38999938964844,BSX
2020-07-23,38.81999969482422,38.13999938964844,38.290000915527344,38.43000030517578,6623900,38.43000030517578,BSX
2020-07-24,38.65999984741211,38.11000061035156,38.529998779296875,38.599998474121094,6673300,38.599998474121094,BSX
2020-07-27,38.68000030517578,38.15999984741211,38.61000061035156,38.349998474121094,9552700,38.349998474121094,BSX
2020-07-28,38.68000030517578,37.959999084472656,38.22999954223633,38.27000045776367,8617300,38.27000045776367,BSX
2020-07-29,40.5,39.150001525878906,40.0,39.810001373291016,15966300,39.810001373291016,BSX
2020-07-30,39.33000183105469,38.380001068115234,39.15999984741211,38.939998626708984,7300800,38.939998626708984,BSX
2020-07-31,38.900001525878906,37.95000076293945,38.84000015258789,38.56999969482422,7060400,38.56999969482422,BSX
2020-08-03,38.880001068115234,37.9900016784668,38.689998626708984,38.0,6145500,38.0,BSX
2020-08-04,37.9900016784668,37.08000183105469,37.779998779296875,37.150001525878906,7749600,37.150001525878906,BSX
2020-08-05,38.02000045776367,37.16999816894531,37.29999923706055,37.72999954223633,6395800,37.72999954223633,BSX
2020-08-06,37.939998626708984,37.349998474121094,37.720001220703125,37.88999938964844,4367800,37.88999938964844,BSX
2020-08-07,38.9900016784668,37.630001068115234,37.77000045776367,38.970001220703125,8645400,38.970001220703125,BSX
2020-08-10,39.150001525878906,38.779998779296875,38.9900016784668,38.97999954223633,4329200,38.97999954223633,BSX
2020-08-11,39.869998931884766,39.2400016784668,39.459999084472656,39.310001373291016,7954900,39.310001373291016,BSX
2020-08-12,40.22999954223633,39.36000061035156,39.459999084472656,39.959999084472656,6500100,39.959999084472656,BSX
2020-08-13,39.91999816894531,39.31999969482422,39.7400016784668,39.75,4636600,39.75,BSX
2020-08-14,39.5099983215332,38.95000076293945,39.369998931884766,39.15999984741211,5708900,39.15999984741211,BSX
2020-08-17,39.75,39.119998931884766,39.119998931884766,39.349998474121094,4785900,39.349998474121094,BSX
2020-08-18,39.599998474121094,39.150001525878906,39.5,39.33000183105469,5267300,39.33000183105469,BSX
2020-08-19,39.7400016784668,39.2599983215332,39.40999984741211,39.349998474121094,5697500,39.349998474121094,BSX
2020-08-20,39.31999969482422,38.810001373291016,39.0,38.86000061035156,4661200,38.86000061035156,BSX
2020-08-21,38.720001220703125,37.95000076293945,38.709999084472656,38.43000030517578,8239400,38.43000030517578,BSX
2020-08-24,38.970001220703125,38.41999816894531,38.599998474121094,38.939998626708984,7824900,38.939998626708984,BSX
2020-08-25,39.7400016784668,39.11000061035156,39.31999969482422,39.63999938964844,8218200,39.63999938964844,BSX
2020-08-26,39.689998626708984,38.709999084472656,39.689998626708984,39.349998474121094,4574200,39.349998474121094,BSX
2020-08-27,41.0099983215332,39.400001525878906,39.400001525878906,40.779998779296875,8959500,40.779998779296875,BSX
2020-08-28,41.04999923706055,40.43000030517578,40.709999084472656,41.029998779296875,4542200,41.029998779296875,BSX
2020-08-31,41.2400016784668,40.7400016784668,40.93000030517578,41.02000045776367,7473600,41.02000045776367,BSX
2020-09-01,41.4900016784668,40.70000076293945,40.70000076293945,41.470001220703125,7997300,41.470001220703125,BSX
2020-09-02,42.290000915527344,41.470001220703125,41.5,42.22999954223633,9847100,42.22999954223633,BSX
2020-09-03,42.369998931884766,41.13999938964844,42.150001525878906,41.4900016784668,9762800,41.4900016784668,BSX
2020-09-04,41.959999084472656,40.849998474121094,41.59000015258789,41.47999954223633,9232500,41.47999954223633,BSX
2020-09-08,41.29999923706055,40.61000061035156,41.060001373291016,40.91999816894531,7104900,40.91999816894531,BSX
2020-09-09,41.939998626708984,41.13999938964844,41.27000045776367,41.529998779296875,5876900,41.529998779296875,BSX
2020-09-10,41.86000061035156,40.849998474121094,41.58000183105469,40.970001220703125,5182700,40.970001220703125,BSX
2020-09-11,41.04999923706055,39.97999954223633,40.95000076293945,40.290000915527344,7142900,40.290000915527344,BSX
2020-09-14,41.34000015258789,40.59000015258789,40.65999984741211,41.119998931884766,4797600,41.119998931884766,BSX
2020-09-15,41.560001373291016,40.880001068115234,41.33000183105469,41.02000045776367,3644800,41.02000045776367,BSX
2020-09-16,41.279998779296875,39.939998626708984,41.2400016784668,40.189998626708984,8530000,40.189998626708984,BSX
2020-09-17,39.91999816894531,39.09000015258789,39.91999816894531,39.66999816894531,10884000,39.66999816894531,BSX
2020-09-18,39.9900016784668,38.38999938964844,39.599998474121094,38.47999954223633,10720400,38.47999954223633,BSX
2020-09-21,38.54999923706055,37.52000045776367,37.83000183105469,38.54999923706055,10625600,38.54999923706055,BSX
2020-09-22,38.63999938964844,37.900001525878906,38.5099983215332,38.599998474121094,7024700,38.599998474121094,BSX
2020-09-23,38.7599983215332,37.63999938964844,38.65999984741211,37.720001220703125,7462000,37.720001220703125,BSX
2020-09-24,37.540000915527344,36.86000061035156,37.43000030517578,37.119998931884766,9270500,37.119998931884766,BSX
2020-09-25,37.650001525878906,36.79999923706055,36.88999938964844,37.34000015258789,7749100,37.34000015258789,BSX
2020-09-28,38.45000076293945,37.97999954223633,38.06999969482422,38.0,6436500,38.0,BSX
2020-09-29,38.2599983215332,37.540000915527344,38.18000030517578,37.7599983215332,5951300,37.7599983215332,BSX
2020-09-30,38.709999084472656,37.72999954223633,37.83000183105469,38.209999084472656,7711800,38.209999084472656,BSX
2020-10-01,38.939998626708984,38.189998626708984,38.560001373291016,38.41999816894531,6098400,38.41999816894531,BSX
2020-10-02,38.65999984741211,37.7599983215332,37.79999923706055,38.47999954223633,6270900,38.47999954223633,BSX
2020-10-05,39.34000015258789,38.65999984741211,38.75,39.2400016784668,4448900,39.2400016784668,BSX
2020-10-06,40.400001525878906,39.25,39.79999923706055,39.33000183105469,7833500,39.33000183105469,BSX
2020-10-07,40.439998626708984,39.58000183105469,39.58000183105469,40.18000030517578,5785100,40.18000030517578,BSX
2020-10-08,40.56999969482422,40.189998626708984,40.25,40.4900016784668,4484000,40.4900016784668,BSX
2020-10-09,41.25,40.70000076293945,41.040000915527344,41.13999938964844,6020200,41.13999938964844,BSX
2020-10-12,42.130001068115234,41.220001220703125,41.439998626708984,41.970001220703125,7690300,41.970001220703125,BSX
2020-10-13,41.91999816894531,40.70000076293945,41.81999969482422,40.91999816894531,7399700,40.91999816894531,BSX
2020-10-14,40.90999984741211,40.20000076293945,40.77000045776367,40.619998931884766,12537900,40.619998931884766,BSX
2020-10-15,40.66999816894531,38.5,40.119998931884766,39.0,15111200,39.0,BSX
2020-10-16,39.18000030517578,38.41999816894531,39.0,38.439998626708984,18559000,38.439998626708984,BSX
2020-10-19,38.63999938964844,37.709999084472656,38.5099983215332,37.77000045776367,11197200,37.77000045776367,BSX
2020-10-20,38.119998931884766,37.540000915527344,37.97999954223633,37.540000915527344,8140400,37.540000915527344,BSX
2020-10-21,37.720001220703125,37.119998931884766,37.5099983215332,37.150001525878906,11644000,37.150001525878906,BSX
2020-10-22,37.540000915527344,36.7400016784668,37.189998626708984,36.86000061035156,15047900,36.86000061035156,BSX
2020-10-23,37.40999984741211,36.709999084472656,37.0,37.16999816894531,12412600,37.16999816894531,BSX
2020-10-26,37.2599983215332,36.279998779296875,36.689998626708984,36.86000061035156,9594500,36.86000061035156,BSX
2020-10-27,36.9900016784668,35.9900016784668,36.86000061035156,36.04999923706055,12082100,36.04999923706055,BSX
2020-10-28,35.9900016784668,33.900001525878906,35.75,34.06999969482422,17957200,34.06999969482422,BSX
2020-10-29,34.25,33.13999938964844,33.97999954223633,33.5,27743300,33.5,BSX
2020-10-30,34.65999984741211,33.310001373291016,33.310001373291016,34.27000045776367,20324500,34.27000045776367,BSX
2020-11-02,34.90999984741211,34.34000015258789,34.65999984741211,34.54999923706055,14351800,34.54999923706055,BSX
2020-11-03,35.63999938964844,34.79999923706055,35.060001373291016,35.150001525878906,9313500,35.150001525878906,BSX
2020-11-04,35.75,34.2400016784668,35.5,35.290000915527344,14830800,35.290000915527344,BSX
2020-11-05,36.09000015258789,35.099998474121094,36.0,35.209999084472656,11132700,35.209999084472656,BSX
2020-11-06,35.869998931884766,35.09000015258789,35.310001373291016,35.70000076293945,11142400,35.70000076293945,BSX
2020-11-09,39.5,38.15999984741211,38.4900016784668,38.209999084472656,21384700,38.209999084472656,BSX
2020-11-10,38.529998779296875,37.91999816894531,38.25,38.20000076293945,10274700,38.20000076293945,BSX
2020-11-11,38.349998474121094,37.18000030517578,38.150001525878906,37.400001525878906,9712900,37.400001525878906,BSX
2020-11-12,37.38999938964844,36.529998779296875,37.16999816894531,36.7400016784668,15709500,36.7400016784668,BSX
2020-11-13,38.150001525878906,36.75,36.95000076293945,37.97999954223633,18920800,37.97999954223633,BSX
2020-11-16,38.77000045776367,37.70000076293945,38.66999816894531,38.029998779296875,7849600,38.029998779296875,BSX
2020-11-17,35.5,33.97999954223633,35.4900016784668,35.029998779296875,34678300,35.029998779296875,BSX
2020-11-18,35.209999084472656,33.86000061035156,35.209999084472656,34.2599983215332,22512300,34.2599983215332,BSX
2020-11-19,34.5,33.959999084472656,34.33000183105469,34.209999084472656,14816300,34.209999084472656,BSX
2020-11-20,34.31999969482422,33.63999938964844,34.08000183105469,33.70000076293945,15401400,33.70000076293945,BSX
2020-11-23,33.88999938964844,32.9900016784668,33.70000076293945,33.33000183105469,18822000,33.33000183105469,BSX
2020-11-24,34.08000183105469,33.61000061035156,33.689998626708984,33.790000915527344,18848000,33.790000915527344,BSX
2020-11-25,33.9900016784668,33.5,33.869998931884766,33.54999923706055,9814100,33.54999923706055,BSX
2020-11-27,33.900001525878906,33.439998626708984,33.900001525878906,33.599998474121094,6363600,33.599998474121094,BSX
2020-11-30,33.619998931884766,33.0099983215332,33.61000061035156,33.150001525878906,15588200,33.150001525878906,BSX
2020-12-01,33.95000076293945,33.369998931884766,33.5,33.650001525878906,14410600,33.650001525878906,BSX
2020-12-02,34.27000045776367,33.2599983215332,33.599998474121094,34.150001525878906,19584300,34.150001525878906,BSX
2020-12-03,34.209999084472656,33.70000076293945,34.150001525878906,33.810001373291016,21070900,33.810001373291016,BSX
2020-12-04,34.41999816894531,33.56999969482422,33.79999923706055,34.40999984741211,26383200,34.40999984741211,BSX
2020-12-07,34.4900016784668,33.90999984741211,34.36000061035156,34.25,18398500,34.25,BSX
2020-12-08,34.15999984741211,33.68000030517578,34.04999923706055,33.970001220703125,20816200,33.970001220703125,BSX
2020-12-09,34.34000015258789,33.720001220703125,34.029998779296875,34.130001068115234,14858300,34.130001068115234,BSX
2020-12-10,34.27000045776367,33.95000076293945,34.04999923706055,34.0,11029000,34.0,BSX
2020-12-11,34.13999938964844,33.43000030517578,33.7599983215332,33.599998474121094,14827300,33.599998474121094,BSX
2020-12-14,34.2599983215332,33.41999816894531,33.93000030517578,33.45000076293945,8712900,33.45000076293945,BSX
2020-12-15,34.970001220703125,33.75,33.81999969482422,34.66999816894531,16700400,34.66999816894531,BSX
2020-12-16,35.650001525878906,34.58000183105469,34.7599983215332,35.130001068115234,13985100,35.130001068115234,BSX
2020-12-17,35.40999984741211,35.02000045776367,35.189998626708984,35.38999938964844,10502700,35.38999938964844,BSX
2020-12-18,36.130001068115234,35.310001373291016,35.54999923706055,35.45000076293945,23166400,35.45000076293945,BSX
2020-12-21,35.0,34.15999984741211,34.93000030517578,34.81999969482422,10484600,34.81999969482422,BSX
2020-12-22,34.939998626708984,34.189998626708984,34.790000915527344,34.36000061035156,9424000,34.36000061035156,BSX
2020-12-23,34.90999984741211,34.36000061035156,34.5099983215332,34.369998931884766,7381100,34.369998931884766,BSX
2020-12-24,34.630001068115234,34.220001220703125,34.45000076293945,34.59000015258789,2608800,34.59000015258789,BSX
2020-12-28,35.06999969482422,34.70000076293945,34.7599983215332,34.91999816894531,4842000,34.91999816894531,BSX
2020-12-29,35.72999954223633,35.08000183105469,35.20000076293945,35.5,8787200,35.5,BSX
2020-12-30,35.72999954223633,35.380001068115234,35.5,35.54999923706055,6814000,35.54999923706055,BSX
2020-12-31,36.0099983215332,35.369998931884766,35.599998474121094,35.95000076293945,6214500,35.95000076293945,BSX
2021-01-04,36.099998474121094,35.029998779296875,36.08000183105469,35.27000045776367,14068700,35.27000045776367,BSX
2021-01-05,36.470001220703125,35.130001068115234,35.38999938964844,36.2400016784668,14812600,36.2400016784668,BSX
2021-01-06,36.93000030517578,35.869998931884766,35.970001220703125,36.7599983215332,13236500,36.7599983215332,BSX
2021-01-07,36.810001373291016,36.349998474121094,36.7599983215332,36.560001373291016,7267400,36.560001373291016,BSX
2021-01-08,37.040000915527344,36.52000045776367,36.58000183105469,36.75,7288700,36.75,BSX
2021-01-11,36.540000915527344,36.16999816894531,36.380001068115234,36.439998626708984,7228300,36.439998626708984,BSX
2021-01-12,36.369998931884766,34.58000183105469,36.29999923706055,35.33000183105469,19636300,35.33000183105469,BSX
2021-01-13,36.18000030517578,35.20000076293945,35.25,36.060001373291016,9942200,36.060001373291016,BSX
2021-01-14,36.459999084472656,35.900001525878906,36.099998474121094,36.15999984741211,10213200,36.15999984741211,BSX
2021-01-15,36.56999969482422,35.880001068115234,36.15999984741211,36.33000183105469,15109400,36.33000183105469,BSX
2021-01-19,36.88999938964844,35.939998626708984,36.88999938964844,36.27000045776367,8081100,36.27000045776367,BSX
2021-01-20,36.81999969482422,36.06999969482422,36.279998779296875,36.65999984741211,7617800,36.65999984741211,BSX
2021-01-21,37.7400016784668,36.5,36.70000076293945,37.52000045776367,12188100,37.52000045776367,BSX
2021-01-22,37.59000015258789,37.0,37.529998779296875,37.029998779296875,7405600,37.029998779296875,BSX
2021-01-25,37.13999938964844,36.439998626708984,36.88999938964844,36.779998779296875,6157800,36.779998779296875,BSX
2021-01-26,36.88999938964844,36.4900016784668,36.75,36.63999938964844,5869600,36.63999938964844,BSX
2021-01-27,36.380001068115234,35.65999984741211,36.25,35.81999969482422,15133800,35.81999969482422,BSX
2021-01-28,36.56999969482422,35.599998474121094,35.93000030517578,36.34000015258789,16495200,36.34000015258789,BSX
2021-01-29,36.689998626708984,35.04999923706055,36.119998931884766,35.439998626708984,18873500,35.439998626708984,BSX
2021-02-01,36.150001525878906,35.220001220703125,35.83000183105469,35.95000076293945,12285400,35.95000076293945,BSX
2021-02-02,37.06999969482422,35.970001220703125,36.04999923706055,36.63999938964844,12475900,36.63999938964844,BSX
2021-02-03,37.58000183105469,36.29999923706055,36.45000076293945,37.45000076293945,16681600,37.45000076293945,BSX
2021-02-04,39.060001373291016,37.40999984741211,37.5,38.7599983215332,16035400,38.7599983215332,BSX
2021-02-05,39.400001525878906,38.810001373291016,39.0,38.959999084472656,19216700,38.959999084472656,BSX
2021-02-08,39.68000030517578,38.91999816894531,38.91999816894531,39.56999969482422,10354700,39.56999969482422,BSX
2021-02-09,39.599998474121094,38.68000030517578,39.5099983215332,39.25,11600400,39.25,BSX
2021-02-10,39.5,38.52000045776367,39.25,38.849998474121094,8847400,38.849998474121094,BSX
2021-02-11,39.150001525878906,38.599998474121094,39.0099983215332,38.869998931884766,5546600,38.869998931884766,BSX
2021-02-12,38.81999969482422,38.18000030517578,38.75,38.38999938964844,12443900,38.38999938964844,BSX
2021-02-16,38.459999084472656,37.689998626708984,38.279998779296875,37.93000030517578,8842800,37.93000030517578,BSX
2021-02-17,37.77000045776367,37.369998931884766,37.619998931884766,37.5,6047100,37.5,BSX
2021-02-18,37.7400016784668,36.880001068115234,37.279998779296875,37.52000045776367,6390200,37.52000045776367,BSX
2021-02-19,38.06999969482422,37.189998626708984,37.599998474121094,38.029998779296875,9408000,38.029998779296875,BSX
2021-02-22,39.34000015258789,37.849998474121094,37.91999816894531,39.20000076293945,10922100,39.20000076293945,BSX
2021-02-23,39.619998931884766,38.72999954223633,39.20000076293945,38.75,10173800,38.75,BSX
2021-02-24,39.86000061035156,38.66999816894531,38.75,39.529998779296875,9267100,39.529998779296875,BSX
2021-02-25,39.959999084472656,39.310001373291016,39.540000915527344,39.66999816894531,11652200,39.66999816894531,BSX
2021-02-26,39.689998626708984,38.72999954223633,39.5099983215332,38.779998779296875,13454400,38.779998779296875,BSX
2021-03-01,39.18000030517578,38.470001220703125,39.119998931884766,38.900001525878906,7790600,38.900001525878906,BSX
2021-03-02,38.9900016784668,38.56999969482422,38.900001525878906,38.7599983215332,6064500,38.7599983215332,BSX
2021-03-03,39.0099983215332,38.310001373291016,38.689998626708984,38.81999969482422,6666900,38.81999969482422,BSX
2021-03-04,39.08000183105469,37.529998779296875,39.02000045776367,37.93000030517578,8514200,37.93000030517578,BSX
2021-03-05,39.709999084472656,38.189998626708984,38.36000061035156,39.540000915527344,12809200,39.540000915527344,BSX
2021-03-08,39.9900016784668,39.130001068115234,39.529998779296875,39.52000045776367,9616400,39.52000045776367,BSX
2021-03-09,40.130001068115234,39.43000030517578,39.5,39.54999923706055,13646600,39.54999923706055,BSX
2021-03-10,39.810001373291016,39.2400016784668,39.790000915527344,39.34000015258789,7697000,39.34000015258789,BSX
2021-03-11,39.34000015258789,38.619998931884766,39.290000915527344,38.650001525878906,6470600,38.650001525878906,BSX
2021-03-12,39.040000915527344,38.5099983215332,38.619998931884766,38.849998474121094,5276300,38.849998474121094,BSX
2021-03-15,39.47999954223633,38.560001373291016,39.0,39.400001525878906,7045800,39.400001525878906,BSX
2021-03-16,39.52000045776367,38.599998474121094,39.33000183105469,38.86000061035156,6172500,38.86000061035156,BSX
2021-03-17,39.2400016784668,38.66999816894531,38.95000076293945,38.880001068115234,6665600,38.880001068115234,BSX
2021-03-18,38.970001220703125,38.15999984741211,38.849998474121094,38.189998626708984,8349700,38.189998626708984,BSX
2021-03-19,38.630001068115234,37.61000061035156,38.189998626708984,38.16999816894531,12334400,38.16999816894531,BSX
2021-03-22,38.630001068115234,37.95000076293945,38.16999816894531,38.22999954223633,5845500,38.22999954223633,BSX
2021-03-23,38.220001220703125,37.150001525878906,38.220001220703125,37.2400016784668,6119600,37.2400016784668,BSX
2021-03-24,38.0099983215332,37.20000076293945,37.22999954223633,37.58000183105469,7334500,37.58000183105469,BSX
2021-03-25,37.97999954223633,37.130001068115234,37.68000030517578,37.91999816894531,5708600,37.91999816894531,BSX
2021-03-26,38.25,37.529998779296875,37.95000076293945,38.220001220703125,7624400,38.220001220703125,BSX
2021-03-29,38.81999969482422,38.0,38.040000915527344,38.59000015258789,6090900,38.59000015258789,BSX
2021-03-30,39.060001373291016,38.2599983215332,38.400001525878906,38.959999084472656,5900600,38.959999084472656,BSX
2021-03-31,39.099998474121094,38.529998779296875,39.0,38.650001525878906,5811100,38.650001525878906,BSX
2021-04-01,38.779998779296875,38.0,38.61000061035156,38.58000183105469,5615300,38.58000183105469,BSX
2021-04-05,39.130001068115234,38.72999954223633,38.869998931884766,39.040000915527344,4954600,39.040000915527344,BSX
2021-04-06,39.25,38.849998474121094,39.20000076293945,38.95000076293945,7676500,38.95000076293945,BSX
2021-04-07,39.220001220703125,38.7400016784668,38.959999084472656,38.849998474121094,4861400,38.849998474121094,BSX
2021-04-08,39.119998931884766,38.650001525878906,38.93000030517578,38.720001220703125,3992100,38.720001220703125,BSX
2021-04-09,39.33000183105469,38.54999923706055,38.77000045776367,39.31999969482422,5426100,39.31999969482422,BSX
2021-04-12,39.470001220703125,38.880001068115234,39.2599983215332,39.34000015258789,4140700,39.34000015258789,BSX
2021-04-13,39.47999954223633,39.099998474121094,39.220001220703125,39.40999984741211,6582100,39.40999984741211,BSX
2021-04-14,39.97999954223633,39.33000183105469,39.34000015258789,39.66999816894531,4093900,39.66999816894531,BSX
2021-04-15,41.060001373291016,39.84000015258789,39.880001068115234,40.86000061035156,8608100,40.86000061035156,BSX
2021-04-16,41.18000030517578,40.59000015258789,41.13999938964844,40.90999984741211,7527600,40.90999984741211,BSX
2021-04-19,40.970001220703125,40.52000045776367,40.790000915527344,40.880001068115234,6539400,40.880001068115234,BSX
2021-04-20,41.72999954223633,40.709999084472656,40.81999969482422,41.130001068115234,10522600,41.130001068115234,BSX
2021-04-21,42.540000915527344,41.0,41.2400016784668,42.310001373291016,14811400,42.310001373291016,BSX
2021-04-22,42.79999923706055,42.029998779296875,42.310001373291016,42.56999969482422,12019300,42.56999969482422,BSX
2021-04-23,42.939998626708984,42.58000183105469,42.599998474121094,42.72999954223633,9905800,42.72999954223633,BSX
2021-04-26,42.90999984741211,42.22999954223633,42.810001373291016,42.27000045776367,11175800,42.27000045776367,BSX
2021-04-27,42.7599983215332,41.59000015258789,41.9900016784668,42.40999984741211,8400800,42.40999984741211,BSX
2021-04-28,44.630001068115234,43.75,43.86000061035156,44.2400016784668,16088200,44.2400016784668,BSX
2021-04-29,44.29999923706055,43.630001068115234,44.279998779296875,44.099998474121094,8810700,44.099998474121094,BSX
2021-04-30,43.959999084472656,43.36000061035156,43.84000015258789,43.599998474121094,12645600,43.599998474121094,BSX
2021-05-03,43.790000915527344,43.439998626708984,43.599998474121094,43.630001068115234,7610600,43.630001068115234,BSX
2021-05-04,43.5,43.09000015258789,43.5,43.33000183105469,9076400,43.33000183105469,BSX
2021-05-05,43.66999816894531,43.04999923706055,43.470001220703125,43.09000015258789,6829900,43.09000015258789,BSX
2021-05-06,43.11000061035156,42.619998931884766,43.029998779296875,43.040000915527344,8257500,43.040000915527344,BSX
2021-05-07,43.83000183105469,42.9900016784668,43.099998474121094,43.130001068115234,6089300,43.130001068115234,BSX
2021-05-10,43.61000061035156,43.08000183105469,43.15999984741211,43.25,6078400,43.25,BSX
2021-05-11,43.380001068115234,42.369998931884766,43.150001525878906,42.529998779296875,10858500,42.529998779296875,BSX
2021-05-12,42.34000015258789,41.22999954223633,42.34000015258789,41.349998474121094,9882700,41.349998474121094,BSX
2021-05-13,41.880001068115234,41.33000183105469,41.5099983215332,41.61000061035156,5005900,41.61000061035156,BSX
2021-05-14,42.040000915527344,41.540000915527344,41.84000015258789,41.54999923706055,4447600,41.54999923706055,BSX
2021-05-17,41.81999969482422,41.22999954223633,41.5,41.720001220703125,5552100,41.720001220703125,BSX
2021-05-18,42.189998626708984,41.65999984741211,41.72999954223633,41.77000045776367,5212300,41.77000045776367,BSX
2021-05-19,41.5,41.040000915527344,41.2599983215332,41.43000030517578,5900600,41.43000030517578,BSX
2021-05-20,42.279998779296875,41.22999954223633,41.36000061035156,41.91999816894531,4427500,41.91999816894531,BSX
2021-05-21,42.63999938964844,42.06999969482422,42.13999938964844,42.11000061035156,5203600,42.11000061035156,BSX
2021-05-24,42.97999954223633,42.20000076293945,42.369998931884766,42.79999923706055,7790600,42.79999923706055,BSX
2021-05-25,43.34000015258789,42.68000030517578,43.0099983215332,43.029998779296875,5891500,43.029998779296875,BSX
2021-05-26,42.349998474121094,41.04999923706055,41.52000045776367,41.83000183105469,10531800,41.83000183105469,BSX
2021-05-27,42.22999954223633,41.779998779296875,42.04999923706055,41.959999084472656,8004500,41.959999084472656,BSX
2021-05-28,42.86000061035156,42.08000183105469,42.36000061035156,42.54999923706055,5720700,42.54999923706055,BSX
2021-06-01,43.20000076293945,42.5,42.81999969482422,42.93000030517578,8166500,42.93000030517578,BSX
2021-06-02,43.060001373291016,41.54999923706055,43.0,41.61000061035156,11253700,41.61000061035156,BSX
2021-06-03,41.540000915527344,40.869998931884766,41.36000061035156,41.349998474121094,5658900,41.349998474121094,BSX
2021-06-04,42.119998931884766,41.400001525878906,41.779998779296875,42.029998779296875,5465300,42.029998779296875,BSX
2021-06-07,42.70000076293945,42.0099983215332,42.209999084472656,42.13999938964844,7467400,42.13999938964844,BSX
2021-06-08,42.38999938964844,41.43000030517578,42.369998931884766,42.02000045776367,4840000,42.02000045776367,BSX
2021-06-09,42.400001525878906,42.02000045776367,42.04999923706055,42.33000183105469,3863500,42.33000183105469,BSX
2021-06-10,42.90999984741211,42.38999938964844,42.4900016784668,42.84000015258789,3992000,42.84000015258789,BSX
2021-06-11,42.93000030517578,42.380001068115234,42.7599983215332,42.90999984741211,5352800,42.90999984741211,BSX
2021-06-14,42.939998626708984,42.369998931884766,42.939998626708984,42.540000915527344,5034100,42.540000915527344,BSX
2021-06-15,42.93000030517578,42.38999938964844,42.70000076293945,42.75,6396200,42.75,BSX
2021-06-16,43.029998779296875,42.529998779296875,42.810001373291016,42.779998779296875,4910600,42.779998779296875,BSX
2021-06-17,43.5,42.70000076293945,42.720001220703125,43.349998474121094,6578600,43.349998474121094,BSX
2021-06-18,43.36000061035156,42.810001373291016,43.11000061035156,43.02000045776367,8845300,43.02000045776367,BSX
2021-06-21,43.81999969482422,43.16999816894531,43.29999923706055,43.599998474121094,6706000,43.599998474121094,BSX
2021-06-22,43.91999816894531,43.290000915527344,43.529998779296875,43.83000183105469,5623300,43.83000183105469,BSX
2021-06-23,43.970001220703125,43.619998931884766,43.790000915527344,43.790000915527344,3760400,43.790000915527344,BSX
2021-06-24,44.20000076293945,43.709999084472656,43.9900016784668,43.709999084472656,6324800,43.709999084472656,BSX
2021-06-25,44.27000045776367,43.84000015258789,43.869998931884766,44.099998474121094,6884200,44.099998474121094,BSX
2021-06-28,44.220001220703125,43.040000915527344,44.0,43.33000183105469,6762800,43.33000183105469,BSX
2021-06-29,43.5,42.97999954223633,43.369998931884766,43.22999954223633,5370200,43.22999954223633,BSX
2021-06-30,43.29999923706055,42.439998626708984,43.29999923706055,42.7599983215332,8902400,42.7599983215332,BSX
2021-07-01,43.5099983215332,42.689998626708984,42.779998779296875,43.36000061035156,5756400,43.36000061035156,BSX
2021-07-02,44.0,43.209999084472656,43.400001525878906,43.91999816894531,4997800,43.91999816894531,BSX
2021-07-06,43.79999923706055,43.25,43.790000915527344,43.619998931884766,6659700,43.619998931884766,BSX
2021-07-07,43.9900016784668,43.540000915527344,43.720001220703125,43.93000030517578,5358000,43.93000030517578,BSX
2021-07-08,43.540000915527344,42.790000915527344,43.459999084472656,43.34000015258789,6035200,43.34000015258789,BSX
2021-07-09,43.83000183105469,43.38999938964844,43.66999816894531,43.59000015258789,4137100,43.59000015258789,BSX
2021-07-12,43.619998931884766,43.36000061035156,43.36000061035156,43.4900016784668,3772600,43.4900016784668,BSX
2021-07-13,43.52000045776367,43.0,43.38999938964844,43.060001373291016,4137100,43.060001373291016,BSX
2021-07-14,43.34000015258789,42.650001525878906,43.2400016784668,42.7400016784668,4174500,42.7400016784668,BSX
2021-07-15,42.54999923706055,41.86000061035156,42.41999816894531,42.15999984741211,6079700,42.15999984741211,BSX
2021-07-16,42.43000030517578,41.97999954223633,42.310001373291016,42.099998474121094,5539700,42.099998474121094,BSX
2021-07-19,41.83000183105469,40.93000030517578,41.65999984741211,41.22999954223633,6268200,41.22999954223633,BSX
2021-07-20,43.0,41.310001373291016,41.31999969482422,42.790000915527344,8007700,42.790000915527344,BSX
2021-07-21,43.83000183105469,43.02000045776367,43.189998626708984,43.58000183105469,7571100,43.58000183105469,BSX
2021-07-22,43.91999816894531,43.18000030517578,43.630001068115234,43.54999923706055,4793700,43.54999923706055,BSX
2021-07-23,44.27000045776367,43.689998626708984,43.849998474121094,44.119998931884766,5204200,44.119998931884766,BSX
2021-07-26,44.08000183105469,43.68000030517578,43.869998931884766,43.970001220703125,5899300,43.970001220703125,BSX
2021-07-27,46.029998779296875,43.779998779296875,44.630001068115234,45.5099983215332,14100200,45.5099983215332,BSX
2021-07-28,45.79999923706055,44.83000183105469,45.40999984741211,45.43000030517578,8168100,45.43000030517578,BSX
2021-07-29,45.56999969482422,44.91999816894531,45.52000045776367,45.31999969482422,5214500,45.31999969482422,BSX
2021-07-30,45.93000030517578,45.0099983215332,45.189998626708984,45.599998474121094,9108200,45.599998474121094,BSX
2021-08-02,46.290000915527344,45.34000015258789,45.77000045776367,45.880001068115234,10041100,45.880001068115234,BSX
2021-08-03,45.93000030517578,45.15999984741211,45.900001525878906,45.540000915527344,7721500,45.540000915527344,BSX
2021-08-04,45.599998474121094,44.2400016784668,45.380001068115234,44.2599983215332,8099900,44.2599983215332,BSX
2021-08-05,44.65999984741211,44.060001373291016,44.45000076293945,44.650001525878906,6471000,44.650001525878906,BSX
2021-08-06,44.7400016784668,44.290000915527344,44.709999084472656,44.70000076293945,5607500,44.70000076293945,BSX
2021-08-09,44.869998931884766,43.68000030517578,44.70000076293945,43.810001373291016,5918500,43.810001373291016,BSX
2021-08-10,43.97999954223633,42.130001068115234,43.84000015258789,42.650001525878906,14862700,42.650001525878906,BSX
2021-08-11,43.95000076293945,42.709999084472656,42.810001373291016,43.630001068115234,7582800,43.630001068115234,BSX
2021-08-12,44.2599983215332,43.47999954223633,43.65999984741211,44.06999969482422,5013700,44.06999969482422,BSX
2021-08-13,44.369998931884766,43.849998474121094,44.0,44.33000183105469,3137400,44.33000183105469,BSX
2021-08-16,44.709999084472656,44.09000015258789,44.29999923706055,44.65999984741211,5261700,44.65999984741211,BSX
2021-08-17,45.380001068115234,44.369998931884766,44.630001068115234,45.150001525878906,8536400,45.150001525878906,BSX
2021-08-18,45.099998474121094,44.060001373291016,45.08000183105469,44.09000015258789,10536400,44.09000015258789,BSX
2021-08-19,44.56999969482422,43.79999923706055,43.9900016784668,44.27000045776367,4606900,44.27000045776367,BSX
2021-08-20,44.5099983215332,43.939998626708984,44.20000076293945,44.439998626708984,5214800,44.439998626708984,BSX
2021-08-23,44.599998474121094,43.81999969482422,44.5,43.9900016784668,10137900,43.9900016784668,BSX
2021-08-24,45.68000030517578,44.0099983215332,44.15999984741211,44.849998474121094,7916700,44.849998474121094,BSX
2021-08-25,45.310001373291016,44.459999084472656,44.68000030517578,44.810001373291016,4271400,44.810001373291016,BSX
2021-08-26,44.88999938964844,44.52000045776367,44.709999084472656,44.65999984741211,4011300,44.65999984741211,BSX
2021-08-27,45.040000915527344,44.59000015258789,44.849998474121094,44.79999923706055,4027500,44.79999923706055,BSX
2021-08-30,45.09000015258789,44.630001068115234,44.880001068115234,44.83000183105469,3659900,44.83000183105469,BSX
2021-08-31,45.27000045776367,44.68000030517578,44.88999938964844,45.150001525878906,6770000,45.150001525878906,BSX
2021-09-01,45.70000076293945,44.90999984741211,45.33000183105469,45.58000183105469,5408500,45.58000183105469,BSX
2021-09-02,45.869998931884766,44.95000076293945,45.79999923706055,45.060001373291016,7294900,45.060001373291016,BSX
2021-09-03,45.119998931884766,44.459999084472656,45.0,44.91999816894531,8243800,44.91999816894531,BSX
2021-09-07,45.15999984741211,44.27000045776367,44.65999984741211,45.099998474121094,3609900,45.099998474121094,BSX
2021-09-08,45.79999923706055,44.86000061035156,45.029998779296875,45.5099983215332,5470400,45.5099983215332,BSX
2021-09-09,45.95000076293945,45.27000045776367,45.5,45.40999984741211,4944400,45.40999984741211,BSX
2021-09-10,45.560001373291016,44.25,45.40999984741211,44.459999084472656,5105700,44.459999084472656,BSX
2021-09-13,44.880001068115234,43.81999969482422,44.720001220703125,44.209999084472656,5816100,44.209999084472656,BSX
2021-09-14,45.0099983215332,44.099998474121094,44.540000915527344,44.849998474121094,4638100,44.849998474121094,BSX
2021-09-15,45.369998931884766,44.619998931884766,44.880001068115234,45.0099983215332,5266700,45.0099983215332,BSX
2021-09-16,45.119998931884766,44.63999938964844,45.0099983215332,44.900001525878906,5313500,44.900001525878906,BSX
2021-09-17,44.709999084472656,43.91999816894531,44.529998779296875,44.369998931884766,8419600,44.369998931884766,BSX
2021-09-20,44.08000183105469,43.2400016784668,43.79999923706055,43.63999938964844,7566100,43.63999938964844,BSX
2021-09-21,44.36000061035156,43.34000015258789,44.02000045776367,43.36000061035156,6336200,43.36000061035156,BSX
2021-09-22,44.939998626708984,43.22999954223633,43.43000030517578,44.310001373291016,8946300,44.310001373291016,BSX
2021-09-23,45.400001525878906,44.31999969482422,44.5099983215332,45.0,8199300,45.0,BSX
2021-09-24,45.099998474121094,44.38999938964844,44.900001525878906,44.70000076293945,4332900,44.70000076293945,BSX
2021-09-27,44.810001373291016,44.22999954223633,44.5099983215332,44.459999084472656,4844900,44.459999084472656,BSX
2021-09-28,44.31999969482422,43.470001220703125,44.220001220703125,43.66999816894531,4867700,43.66999816894531,BSX
2021-09-29,44.20000076293945,43.720001220703125,43.84000015258789,43.88999938964844,5096900,43.88999938964844,BSX
2021-09-30,44.279998779296875,43.380001068115234,43.90999984741211,43.38999938964844,6738400,43.38999938964844,BSX
2021-10-01,44.029998779296875,43.20000076293945,43.4900016784668,43.79999923706055,4782100,43.79999923706055,BSX
2021-10-04,43.779998779296875,42.0099983215332,43.529998779296875,42.40999984741211,8878100,42.40999984741211,BSX
2021-10-05,43.22999954223633,42.43000030517578,42.52000045776367,42.439998626708984,5396300,42.439998626708984,BSX
2021-10-06,42.90999984741211,41.86000061035156,42.18000030517578,42.86000061035156,5274300,42.86000061035156,BSX
2021-10-07,44.25,43.20000076293945,43.20000076293945,43.619998931884766,6783000,43.619998931884766,BSX
2021-10-08,44.02000045776367,43.099998474121094,43.630001068115234,43.15999984741211,4163600,43.15999984741211,BSX
2021-10-11,43.2400016784668,42.099998474121094,42.97999954223633,42.13999938964844,3752000,42.13999938964844,BSX
2021-10-12,42.4900016784668,41.95000076293945,42.290000915527344,42.09000015258789,4114700,42.09000015258789,BSX
2021-10-13,42.33000183105469,41.75,42.150001525878906,41.790000915527344,5622400,41.790000915527344,BSX
2021-10-14,43.369998931884766,42.060001373291016,42.060001373291016,43.25,6771600,43.25,BSX
2021-10-15,43.68000030517578,43.04999923706055,43.58000183105469,43.400001525878906,5503500,43.400001525878906,BSX
2021-10-18,43.04999923706055,42.2599983215332,43.0099983215332,42.79999923706055,4144200,42.79999923706055,BSX
2021-10-19,44.470001220703125,43.11000061035156,43.22999954223633,44.130001068115234,6098000,44.130001068115234,BSX
2021-10-20,45.0,44.22999954223633,44.459999084472656,44.470001220703125,7840300,44.470001220703125,BSX
2021-10-21,44.93000030517578,44.04999923706055,44.29999923706055,44.869998931884766,5942900,44.869998931884766,BSX
2021-10-22,45.119998931884766,44.59000015258789,44.79999923706055,44.84000015258789,3715100,44.84000015258789,BSX
2021-10-25,45.02000045776367,44.439998626708984,44.9900016784668,44.4900016784668,5238900,44.4900016784668,BSX
2021-10-26,44.7599983215332,44.279998779296875,44.65999984741211,44.31999969482422,5314600,44.31999969482422,BSX
2021-10-27,45.43000030517578,43.58000183105469,45.119998931884766,43.72999954223633,6993000,43.72999954223633,BSX
2021-10-28,43.84000015258789,43.06999969482422,43.529998779296875,43.2400016784668,5732200,43.2400016784668,BSX
2021-10-29,43.279998779296875,42.58000183105469,43.08000183105469,43.130001068115234,7157700,43.130001068115234,BSX
2021-11-01,43.41999816894531,42.7599983215332,43.29999923706055,42.79999923706055,8231300,42.79999923706055,BSX
2021-11-02,43.5,42.560001373291016,43.060001373291016,43.209999084472656,12976800,43.209999084472656,BSX
2021-11-03,43.310001373291016,42.31999969482422,43.11000061035156,42.90999984741211,10404700,42.90999984741211,BSX
2021-11-04,43.189998626708984,42.08000183105469,42.97999954223633,42.5,7241400,42.5,BSX
2021-11-05,44.56999969482422,42.5,42.54999923706055,43.15999984741211,14638300,43.15999984741211,BSX
2021-11-08,43.529998779296875,42.720001220703125,43.29999923706055,43.349998474121094,7059300,43.349998474121094,BSX
2021-11-09,43.38999938964844,42.560001373291016,43.34000015258789,42.790000915527344,4935600,42.790000915527344,BSX
2021-11-10,43.02000045776367,42.34000015258789,42.619998931884766,42.45000076293945,4813200,42.45000076293945,BSX
2021-11-11,42.619998931884766,41.66999816894531,42.459999084472656,41.959999084472656,9437700,41.959999084472656,BSX
2021-11-12,42.27000045776367,41.619998931884766,42.119998931884766,42.06999969482422,9924300,42.06999969482422,BSX
2021-11-15,42.27000045776367,41.15999984741211,42.18000030517578,41.34000015258789,9649400,41.34000015258789,BSX
2021-11-16,41.63999938964844,40.880001068115234,41.310001373291016,41.41999816894531,9553800,41.41999816894531,BSX
2021-11-17,42.02000045776367,41.38999938964844,41.81999969482422,41.61000061035156,6719300,41.61000061035156,BSX
2021-11-18,41.650001525878906,40.81999969482422,41.650001525878906,41.209999084472656,7224500,41.209999084472656,BSX
2021-11-19,41.16999816894531,40.5,41.150001525878906,41.029998779296875,7955600,41.029998779296875,BSX
2021-11-22,41.209999084472656,40.45000076293945,41.119998931884766,40.70000076293945,6639200,40.70000076293945,BSX
2021-11-23,41.08000183105469,39.779998779296875,40.54999923706055,40.22999954223633,11577700,40.22999954223633,BSX
2021-11-24,40.779998779296875,40.130001068115234,40.220001220703125,40.70000076293945,7812200,40.70000076293945,BSX
2021-11-26,40.16999816894531,38.439998626708984,40.0,38.56999969482422,9260600,38.56999969482422,BSX
2021-11-29,39.20000076293945,38.439998626708984,38.849998474121094,38.59000015258789,9533500,38.59000015258789,BSX
2021-11-30,39.06999969482422,37.959999084472656,38.41999816894531,38.06999969482422,14717300,38.06999969482422,BSX
2021-12-01,39.41999816894531,38.11000061035156,38.709999084472656,38.13999938964844,10355800,38.13999938964844,BSX
2021-12-02,39.66999816894531,38.18000030517578,38.27000045776367,39.599998474121094,11094200,39.599998474121094,BSX
2021-12-03,40.09000015258789,38.97999954223633,39.83000183105469,39.459999084472656,8704000,39.459999084472656,BSX
2021-12-06,41.279998779296875,39.7599983215332,39.880001068115234,40.70000076293945,8951800,40.70000076293945,BSX
2021-12-07,42.060001373291016,41.04999923706055,41.2400016784668,41.400001525878906,10139200,41.400001525878906,BSX
2021-12-08,41.869998931884766,41.31999969482422,41.41999816894531,41.65999984741211,4620000,41.65999984741211,BSX
2021-12-09,41.869998931884766,40.95000076293945,41.380001068115234,41.279998779296875,5870500,41.279998779296875,BSX
2021-12-10,41.529998779296875,40.900001525878906,41.380001068115234,41.16999816894531,4602700,41.16999816894531,BSX
2021-12-13,41.7400016784668,41.0,41.04999923706055,41.43000030517578,5891200,41.43000030517578,BSX
2021-12-14,41.4900016784668,40.70000076293945,41.290000915527344,40.849998474121094,6571200,40.849998474121094,BSX
2021-12-15,41.09000015258789,39.779998779296875,40.83000183105469,40.2400016784668,14235000,40.2400016784668,BSX
2021-12-16,41.16999816894531,40.22999954223633,40.279998779296875,40.43000030517578,13248900,40.43000030517578,BSX
2021-12-17,41.47999954223633,40.130001068115234,40.380001068115234,40.86000061035156,11236100,40.86000061035156,BSX
2021-12-20,40.310001373291016,39.27000045776367,40.310001373291016,39.5,11673200,39.5,BSX
2021-12-21,41.150001525878906,39.83000183105469,39.970001220703125,41.11000061035156,9391500,41.11000061035156,BSX
2021-12-22,42.20000076293945,41.0,41.060001373291016,42.15999984741211,7722800,42.15999984741211,BSX
2021-12-23,43.040000915527344,42.2400016784668,42.529998779296875,42.720001220703125,6414900,42.720001220703125,BSX
2021-12-27,43.18000030517578,42.52000045776367,42.709999084472656,43.119998931884766,4105400,43.119998931884766,BSX
2021-12-28,43.59000015258789,43.02000045776367,43.11000061035156,43.2400016784668,5515000,43.2400016784668,BSX
2021-12-29,43.41999816894531,43.02000045776367,43.310001373291016,43.16999816894531,3398400,43.16999816894531,BSX
2021-12-30,43.41999816894531,42.95000076293945,43.16999816894531,42.9900016784668,3530500,42.9900016784668,BSX
2021-12-31,43.06999969482422,42.470001220703125,42.810001373291016,42.47999954223633,4174400,42.47999954223633,BSX
2022-01-03,43.150001525878906,42.099998474121094,42.59000015258789,43.119998931884766,5093500,43.119998931884766,BSX
2022-01-04,44.630001068115234,43.209999084472656,43.31999969482422,43.63999938964844,9135000,43.63999938964844,BSX
2022-01-05,44.13999938964844,43.040000915527344,43.5,43.04999923706055,6601200,43.04999923706055,BSX
2022-01-06,43.36000061035156,42.540000915527344,43.099998474121094,42.59000015258789,5510700,42.59000015258789,BSX
2022-01-07,42.7599983215332,42.06999969482422,42.40999984741211,42.11000061035156,5341300,42.11000061035156,BSX
2022-01-10,42.43000030517578,41.439998626708984,41.900001525878906,42.40999984741211,6454500,42.40999984741211,BSX
2022-01-11,43.650001525878906,42.38999938964844,42.650001525878906,43.400001525878906,6208600,43.400001525878906,BSX
2022-01-12,44.650001525878906,43.41999816894531,43.58000183105469,44.40999984741211,13543700,44.40999984741211,BSX
2022-01-13,45.31999969482422,44.06999969482422,44.2400016784668,44.56999969482422,11883600,44.56999969482422,BSX
2022-01-14,44.95000076293945,43.84000015258789,44.16999816894531,44.86000061035156,8675000,44.86000061035156,BSX
2022-01-18,44.5,43.93000030517578,44.290000915527344,44.220001220703125,10721500,44.220001220703125,BSX
2022-01-19,44.720001220703125,44.0,44.16999816894531,44.04999923706055,8721800,44.04999923706055,BSX
2022-01-20,45.040000915527344,43.380001068115234,44.08000183105469,43.45000076293945,9562500,43.45000076293945,BSX
2022-01-21,43.54999923706055,42.689998626708984,43.470001220703125,42.970001220703125,11278000,42.970001220703125,BSX
2022-01-24,42.75,41.08000183105469,42.18000030517578,42.65999984741211,8974600,42.65999984741211,BSX
2022-01-25,42.75,41.290000915527344,41.90999984741211,42.5099983215332,10837400,42.5099983215332,BSX
2022-01-26,43.68000030517578,42.470001220703125,42.810001373291016,43.040000915527344,16803600,43.040000915527344,BSX
2022-01-27,43.95000076293945,42.86000061035156,43.33000183105469,43.22999954223633,12172800,43.22999954223633,BSX
2022-01-28,43.439998626708984,41.75,43.13999938964844,42.7400016784668,12258200,42.7400016784668,BSX
2022-01-31,43.13999938964844,42.290000915527344,42.650001525878906,42.900001525878906,13622500,42.900001525878906,BSX
2022-02-01,43.56999969482422,42.619998931884766,42.880001068115234,43.5,10452000,43.5,BSX
2022-02-02,42.4900016784668,40.90999984741211,41.790000915527344,41.439998626708984,26586200,41.439998626708984,BSX
2022-02-03,42.869998931884766,41.27000045776367,41.29999923706055,42.61000061035156,16121800,42.61000061035156,BSX
2022-02-04,43.189998626708984,42.290000915527344,42.31999969482422,42.77000045776367,8924500,42.77000045776367,BSX
2022-02-07,43.5099983215332,42.540000915527344,42.63999938964844,42.90999984741211,7259500,42.90999984741211,BSX
2022-02-08,44.2599983215332,42.97999954223633,43.20000076293945,44.15999984741211,8020000,44.15999984741211,BSX
2022-02-09,45.0,44.27000045776367,44.619998931884766,44.75,9732100,44.75,BSX
2022-02-10,44.540000915527344,43.560001373291016,44.2599983215332,43.75,8719400,43.75,BSX
2022-02-11,44.0,42.900001525878906,43.84000015258789,43.11000061035156,6616100,43.11000061035156,BSX
2022-02-14,43.22999954223633,42.439998626708984,43.0,42.72999954223633,7963600,42.72999954223633,BSX
2022-02-15,44.0099983215332,43.279998779296875,43.380001068115234,44.0099983215332,8015000,44.0099983215332,BSX
2022-02-16,44.2599983215332,43.2400016784668,43.810001373291016,44.189998626708984,6510200,44.189998626708984,BSX
2022-02-17,44.040000915527344,42.599998474121094,43.79999923706055,42.83000183105469,7785500,42.83000183105469,BSX
2022-02-18,43.099998474121094,42.189998626708984,42.880001068115234,42.54999923706055,6878300,42.54999923706055,BSX
2022-02-22,43.369998931884766,42.459999084472656,42.54999923706055,42.97999954223633,7835900,42.97999954223633,BSX
2022-02-23,44.380001068115234,43.13999938964844,43.279998779296875,43.709999084472656,12624500,43.709999084472656,BSX
2022-02-24,44.029998779296875,42.290000915527344,42.75,43.95000076293945,8259000,43.95000076293945,BSX
2022-02-25,45.16999816894531,43.77000045776367,44.0,45.099998474121094,10716000,45.099998474121094,BSX
2022-02-28,44.689998626708984,43.65999984741211,44.4900016784668,44.16999816894531,10610900,44.16999816894531,BSX
2022-03-01,44.33000183105469,42.97999954223633,44.08000183105469,43.36000061035156,9789800,43.36000061035156,BSX
2022-03-02,44.439998626708984,43.63999938964844,43.959999084472656,43.900001525878906,11859600,43.900001525878906,BSX
2022-03-03,44.310001373291016,43.540000915527344,44.16999816894531,43.959999084472656,6980500,43.959999084472656,BSX
2022-03-04,44.06999969482422,43.08000183105469,43.290000915527344,43.959999084472656,7015700,43.959999084472656,BSX
2022-03-07,43.79999923706055,42.4900016784668,43.720001220703125,42.54999923706055,8479700,42.54999923706055,BSX
2022-03-08,42.529998779296875,40.79999923706055,42.459999084472656,40.900001525878906,11351200,40.900001525878906,BSX
2022-03-09,42.29999923706055,41.29999923706055,41.7599983215332,42.06999969482422,10484500,42.06999969482422,BSX
2022-03-10,41.86000061035156,41.27000045776367,41.45000076293945,41.7400016784668,9237500,41.7400016784668,BSX
2022-03-11,42.560001373291016,41.65999984741211,42.0,41.70000076293945,6175600,41.70000076293945,BSX
2022-03-14,42.38999938964844,41.63999938964844,42.189998626708984,41.900001525878906,8307500,41.900001525878906,BSX
2022-03-15,42.849998474121094,42.119998931884766,42.4900016784668,42.65999984741211,6925900,42.65999984741211,BSX
2022-03-16,44.0099983215332,43.0,43.119998931884766,43.84000015258789,7726700,43.84000015258789,BSX
2022-03-17,44.25,43.619998931884766,43.619998931884766,44.209999084472656,8114400,44.209999084472656,BSX
2022-03-18,44.33000183105469,43.630001068115234,44.189998626708984,44.220001220703125,10662300,44.220001220703125,BSX
2022-03-21,44.470001220703125,43.79999923706055,43.869998931884766,44.31999969482422,5302400,44.31999969482422,BSX
2022-03-22,44.59000015258789,43.68000030517578,44.33000183105469,43.7400016784668,6584300,43.7400016784668,BSX
2022-03-23,43.560001373291016,41.9900016784668,43.540000915527344,42.29999923706055,11794000,42.29999923706055,BSX
2022-03-24,43.0,42.11000061035156,42.36000061035156,42.869998931884766,5653400,42.869998931884766,BSX
2022-03-25,43.52000045776367,42.90999984741211,43.04999923706055,43.5,6033900,43.5,BSX
2022-03-28,44.29999923706055,43.5,43.68000030517578,44.27000045776367,4498400,44.27000045776367,BSX
2022-03-29,45.08000183105469,44.43000030517578,44.869998931884766,44.849998474121094,6133400,44.849998474121094,BSX
2022-03-30,45.08000183105469,44.41999816894531,44.650001525878906,44.70000076293945,6862600,44.70000076293945,BSX
2022-03-31,45.13999938964844,44.27000045776367,44.619998931884766,44.290000915527344,10142200,44.290000915527344,BSX
2022-04-01,45.029998779296875,44.209999084472656,44.54999923706055,44.9900016784668,5188900,44.9900016784668,BSX
2022-04-04,45.08000183105469,43.72999954223633,44.83000183105469,44.15999984741211,10642400,44.15999984741211,BSX
2022-04-05,44.63999938964844,44.02000045776367,44.04999923706055,44.349998474121094,11425900,44.349998474121094,BSX
2022-04-06,44.65999984741211,43.560001373291016,43.970001220703125,44.58000183105469,7256600,44.58000183105469,BSX
2022-04-07,45.16999816894531,44.31999969482422,44.439998626708984,44.959999084472656,5758700,44.959999084472656,BSX
2022-04-08,45.2400016784668,44.65999984741211,44.95000076293945,44.84000015258789,9615600,44.84000015258789,BSX
2022-04-11,44.90999984741211,44.150001525878906,44.70000076293945,44.220001220703125,6497900,44.220001220703125,BSX
2022-04-12,44.540000915527344,43.619998931884766,44.220001220703125,43.7599983215332,4156100,43.7599983215332,BSX
2022-04-13,44.540000915527344,43.650001525878906,43.86000061035156,44.43000030517578,4151800,44.43000030517578,BSX
2022-04-14,44.709999084472656,44.029998779296875,44.5099983215332,44.25,5172300,44.25,BSX
2022-04-18,44.56999969482422,43.54999923706055,44.130001068115234,43.7400016784668,4082700,43.7400016784668,BSX
2022-04-19,45.95000076293945,43.83000183105469,43.91999816894531,45.720001220703125,9196700,45.720001220703125,BSX
2022-04-20,47.5,45.619998931884766,45.93000030517578,47.099998474121094,14255700,47.099998474121094,BSX
2022-04-21,47.380001068115234,46.2599983215332,47.33000183105469,46.310001373291016,8062400,46.310001373291016,BSX
2022-04-22,45.970001220703125,43.72999954223633,45.79999923706055,43.900001525878906,11485500,43.900001525878906,BSX
2022-04-25,44.779998779296875,43.59000015258789,43.7599983215332,44.59000015258789,10329300,44.59000015258789,BSX
2022-04-26,44.16999816894531,42.540000915527344,43.849998474121094,42.599998474121094,14253400,42.599998474121094,BSX
2022-04-27,44.849998474121094,42.86000061035156,43.54999923706055,43.060001373291016,14686400,43.060001373291016,BSX
2022-04-28,43.61000061035156,42.0,43.439998626708984,42.72999954223633,8550000,42.72999954223633,BSX
2022-04-29,42.97999954223633,41.95000076293945,42.52000045776367,42.11000061035156,15072900,42.11000061035156,BSX
2022-05-02,42.650001525878906,40.779998779296875,42.36000061035156,41.630001068115234,9896200,41.630001068115234,BSX
2022-05-03,42.27000045776367,41.5,41.5,41.77000045776367,7410100,41.77000045776367,BSX
2022-05-04,42.900001525878906,41.400001525878906,41.779998779296875,42.75,6111500,42.75,BSX
2022-05-05,42.93000030517578,41.58000183105469,42.470001220703125,42.029998779296875,9579500,42.029998779296875,BSX
2022-05-06,41.90999984741211,40.619998931884766,41.84000015258789,40.849998474121094,9138300,40.849998474121094,BSX
2022-05-09,40.310001373291016,37.9900016784668,40.2599983215332,38.290000915527344,13411700,38.290000915527344,BSX
2022-05-10,39.2400016784668,37.9900016784668,38.689998626708984,38.650001525878906,10993800,38.650001525878906,BSX
2022-05-11,39.650001525878906,38.349998474121094,38.54999923706055,38.7400016784668,11574600,38.7400016784668,BSX
2022-05-12,39.0,38.02000045776367,38.56999969482422,38.790000915527344,9925100,38.790000915527344,BSX
2022-05-13,39.91999816894531,39.119998931884766,39.15999984741211,39.65999984741211,7768200,39.65999984741211,BSX
2022-05-16,40.060001373291016,39.34000015258789,39.43000030517578,39.81999969482422,5833700,39.81999969482422,BSX
2022-05-17,41.5,40.25,40.5099983215332,41.31999969482422,9315300,41.31999969482422,BSX
2022-05-18,41.119998931884766,40.119998931884766,40.849998474121094,40.22999954223633,10495400,40.22999954223633,BSX
2022-05-19,40.25,39.08000183105469,39.72999954223633,39.4900016784668,9556000,39.4900016784668,BSX
2022-05-20,39.56999969482422,38.2400016784668,39.25,39.220001220703125,12397600,39.220001220703125,BSX
2022-05-23,40.02000045776367,39.029998779296875,39.619998931884766,39.88999938964844,6662600,39.88999938964844,BSX
2022-05-24,40.34000015258789,39.290000915527344,39.77000045776367,40.150001525878906,5959600,40.150001525878906,BSX
2022-05-25,40.439998626708984,39.54999923706055,39.779998779296875,40.09000015258789,7417400,40.09000015258789,BSX
2022-05-26,40.369998931884766,39.56999969482422,40.119998931884766,40.13999938964844,6171100,40.13999938964844,BSX
2022-05-27,41.61000061035156,40.95000076293945,41.61000061035156,41.20000076293945,6968700,41.20000076293945,BSX
